{"years": [2000, 2001, 2002, 2003, 2004, 2005, 2006, 2007, 2008, 2009, 2010, 2011, 2012, 2013, 2014, 2015, 2016, 2017, 2018, 2019, 2020, 2021, 2022, 2023, 2024], "latest_generation": {"albania": {"year": 2023, "total": 0.0}, "algeria": {"year": 2023, "total": 95625.0}, "angola": {"year": 2023, "total": 15700.0}, "argentina": {"year": 2024, "total": 153252.0}, "armenia": {"year": 2023, "total": 8804.0}, "australia": {"year": 2024, "total": 279704.0}, "austria": {"year": 2024, "total": 81898.0}, "azerbaijan": {"year": 2023, "total": 29303.0}, "bahrain": {"year": 2023, "total": 26.136}, "bangladesh": {"year": 2023, "total": 100927.0}, "belarus": {"year": 2023, "total": 41705.0}, "belgium": {"year": 2024, "total": 75674.0}, "benin": {"year": 2023, "total": 781.0}, "bermuda": {"year": 2024, "total": 1240946.0}, "bolivia": {"year": 2023, "total": 11969.0}, "bosnia-and-herzegovina": {"year": 2023, "total": 17185.0}, "botswana": {"year": 2023, "total": 4.279999999999999}, "brazil": {"year": 2024, "total": 751331.0}, "brunei-darussalam": {"year": 2023, "total": 4.2620000000000005}, "bulgaria": {"year": 2023, "total": 40252.0}, "burkina-faso": {"year": 2023, "total": 1793.0}, "cambodia": {"year": 2023, "total": 14559.0}, "cameroon": {"year": 2023, "total": 8146.0}, "canada": {"year": 2024, "total": 619762.0}, "chad": {"year": 2023, "total": 346.0}, "chile": {"year": 2024, "total": 91865.0}, "china": {"year": 2023, "total": 9547536.0}, "chinese-taipei": {"year": 2023, "total": 282154.0}, "colombia": {"year": 2024, "total": 90248.0}, "congo": {"year": 2023, "total": 2.079}, "costa-rica": {"year": 2024, "total": 12627.0}, "cote-divoire": {"year": 2023, "total": 13595.0}, "croatia": {"year": 2023, "total": 17539.0}, "cuba": {"year": 2023, "total": 19821.0}, "curacao": {"year": 2023, "total": 0.451}, "cyprus": {"year": 2023, "total": 3.048}, "czechia": {"year": 2024, "total": 73875.0}, "democratic-republic-of-the-congo": {"year": 2023, "total": 13375.0}, "denmark": {"year": 2024, "total": 35312.0}, "dominican-republic": {"year": 2023, "total": 24263.0}, "ecuador": {"year": 2023, "total": 35361.0}, "egypt": {"year": 2023, "total": 215128.0}, "el-salvador": {"year": 2023, "total": 8381.0}, "equatorial-guinea": {"year": 2023, "total": 0.67}, "eritrea": {"year": 2023, "total": 0.372}, "estonia": {"year": 2024, "total": 5485.0}, "eswatini": {"year": 2023, "total": 0.041}, "ethiopia": {"year": 2023, "total": 20515.0}, "finland": {"year": 2024, "total": 81902.0}, "france": {"year": 2024, "total": 569505.0}, "gabon": {"year": 2023, "total": 3133.0}, "georgia": {"year": 2023, "total": 14395.0}, "germany": {"year": 2024, "total": 510034.0}, "ghana": {"year": 2023, "total": 24266.0}, "gibraltar": {"year": 2023, "total": 0.117}, "greece": {"year": 2024, "total": 54413.0}, "guatemala": {"year": 2023, "total": 14166.0}, "haiti": {"year": 2023, "total": 0.477}, "honduras": {"year": 2023, "total": 11887.0}, "hong-kong": {"year": 2023, "total": 37945.0}, "hungary": {"year": 2024, "total": 37887.0}, "iceland": {"year": 2024, "total": 19508.0}, "india": {"year": 2023, "total": 1986774.0}, "indonesia": {"year": 2023, "total": 433458.0}, "iran": {"year": 2023, "total": 385235.0}, "iraq": {"year": 2023, "total": 144692.0}, "ireland": {"year": 2024, "total": 31062.0}, "israel": {"year": 2024, "total": 81473.0}, "italy": {"year": 2024, "total": 273290.0}, "jamaica": {"year": 2023, "total": 4678.0}, "japan": {"year": 2024, "total": 980557.0}, "jordan": {"year": 2023, "total": 23792.0}, "kazakhstan": {"year": 2023, "total": 113583.0}, "kenya": {"year": 2024, "total": 12836.0}, "korea": {"year": 2024, "total": 607345.0}, "kosovo": {"year": 2023, "total": 6351.0}, "kuwait": {"year": 2023, "total": 88016.0}, "kyrgyzstan": {"year": 2023, "total": 2.46}, "laos": {"year": 2023, "total": 51148.0}, "latvia": {"year": 2024, "total": 6318.0}, "lebanon": {"year": 2023, "total": 6232.0}, "libya": {"year": 2023, "total": 21.261}, "lithuania": {"year": 2024, "total": 8090.0}, "luxembourg": {"year": 2024, "total": 2868.0}, "madagascar": {"year": 2023, "total": 2635.0}, "malaysia": {"year": 2023, "total": 192985.0}, "malta": {"year": 2023, "total": 2342.0}, "mauritius": {"year": 2023, "total": 3262.0}, "mexico": {"year": 2024, "total": 391655.0}, "moldova": {"year": 2023, "total": 6422.0}, "mongolia": {"year": 2023, "total": 8282.0}, "montenegro": {"year": 2023, "total": 1.6}, "morocco": {"year": 2023, "total": 43707.0}, "mozambique": {"year": 2023, "total": 19911.0}, "myanmar": {"year": 2023, "total": 20990.0}, "namibia": {"year": 2023, "total": 1831.0}, "nepal": {"year": 2023, "total": 0.0}, "new-zealand": {"year": 2024, "total": 45296.0}, "nicaragua": {"year": 2023, "total": 4523.0}, "niger": {"year": 2023, "total": 0.85}, "nigeria": {"year": 2023, "total": 16.526}, "north-macedonia": {"year": 2023, "total": 6871.0}, "norway": {"year": 2024, "total": 158153.0}, "oman": {"year": 2023, "total": 17.456}, "pakistan": {"year": 2023, "total": 150977.0}, "panama": {"year": 2023, "total": 13107.0}, "paraguay": {"year": 2023, "total": 0.0}, "peru": {"year": 2023, "total": 60841.0}, "philippines": {"year": 2023, "total": 118020.0}, "poland": {"year": 2024, "total": 169351.0}, "portugal": {"year": 2024, "total": 51055.0}, "qatar": {"year": 2023, "total": 25.907}, "romania": {"year": 2023, "total": 57980.0}, "russia": {"year": 2023, "total": 1161805.0}, "rwanda": {"year": 2023, "total": 1185.0}, "saudi-arabia": {"year": 2023, "total": 441497.0}, "senegal": {"year": 2023, "total": 7904.0}, "serbia": {"year": 2023, "total": 40024.0}, "singapore": {"year": 2023, "total": 57831.0}, "slovak-republic": {"year": 2024, "total": 29380.0}, "slovenia": {"year": 2024, "total": 17408.0}, "south-africa": {"year": 2023, "total": 229306.0}, "south-sudan": {"year": 2023, "total": 0.473}, "spain": {"year": 2024, "total": 287833.0}, "sri-lanka": {"year": 2023, "total": 15644.0}, "sudan": {"year": 2023, "total": 1.987}, "suriname": {"year": 2023, "total": 0.823}, "sweden": {"year": 2024, "total": 172091.0}, "switzerland": {"year": 2024, "total": 82181.0}, "syria": {"year": 2023, "total": 24993.0}, "tajikistan": {"year": 2023, "total": 21860.0}, "tanzania": {"year": 2023, "total": 10575.0}, "thailand": {"year": 2023, "total": 196105.0}, "the-netherlands": {"year": 2024, "total": 123152.0}, "togo": {"year": 2023, "total": 717.0}, "trinidad-and-tobago": {"year": 2023, "total": 9508.0}, "tunisia": {"year": 2023, "total": 21272.0}, "turkiye": {"year": 2024, "total": 348900.0}, "turkmenistan": {"year": 2023, "total": 23.03}, "uganda": {"year": 2023, "total": 6262.0}, "ukraine": {"year": 2023, "total": 105204.0}, "united-arab-emirates": {"year": 2023, "total": 167530.0}, "united-kingdom": {"year": 2024, "total": 284939.0}, "united-states": {"year": 2024, "total": 4573185.0}, "uruguay": {"year": 2023, "total": 12939.0}, "uzbekistan": {"year": 2023, "total": 74326.0}, "venezuela": {"year": 2023, "total": 70332.0}, "vietnam": {"year": 2023, "total": 274016.0}, "yemen": {"year": 2023, "total": 3.786}, "zambia": {"year": 2023, "total": 19466.0}, "zimbabwe": {"year": 2023, "total": 8090.0}}}